{
    "loss": 11.284852981567383,
    "accuracy": 0.4610233008861542
}