{
    "loss": 15.905054092407227,
    "accuracy": 0.5617465972900391
}