{
    "loss": 18.051862716674805,
    "accuracy": 0.2836860418319702
}